{"cameraMode":{"drawMode":0,"name":"Shaded","section":"Shading Mode"},"sceneLighting":false,"audioPlay":false,"sceneViewState":{"m_AlwaysRefresh":false,"showFog":true,"showSkybox":false,"showFlares":true,"showImageEffects":true,"showParticleSystems":true,"showVisualEffectGraphs":true,"m_FxEnabled":true},"in2DMode":false,"pivot":{"x":46.11653137207031,"y":2.0800743103027345,"z":61.441070556640628},"rotation":{"x":-0.001996442675590515,"y":0.9958176016807556,"z":-0.021818872541189195,"w":-0.08957783132791519},"size":0.26629844307899477,"orthographic":false}