{"cameraMode":{"drawMode":0,"name":"Shaded","section":"Shading Mode"},"sceneLighting":true,"audioPlay":false,"sceneViewState":{"m_AlwaysRefresh":false,"showFog":true,"showSkybox":true,"showFlares":true,"showImageEffects":true,"showParticleSystems":true,"showVisualEffectGraphs":true,"m_FxEnabled":false},"in2DMode":false,"pivot":{"x":362.41339111328127,"y":238.77786254882813,"z":-293.2789306640625},"rotation":{"x":-0.1248478814959526,"y":-0.0023149827029556038,"z":0.0033238192554563286,"w":0.9927931427955627},"size":0.8660253882408142,"orthographic":false}