{"cameraMode":{"drawMode":0,"name":"Shaded","section":"Shading Mode"},"sceneLighting":true,"audioPlay":false,"sceneViewState":{"m_AlwaysRefresh":false,"showFog":true,"showSkybox":true,"showFlares":true,"showImageEffects":true,"showParticleSystems":true,"showVisualEffectGraphs":true,"m_FxEnabled":false},"in2DMode":false,"pivot":{"x":52.191104888916019,"y":1.9161081314086915,"z":83.57371520996094},"rotation":{"x":0.05422968789935112,"y":-0.7656044363975525,"z":0.0711076408624649,"w":0.6380378603935242},"size":2.1916744709014894,"orthographic":false}