{"cameraMode":{"drawMode":0,"name":"Shaded","section":"Shading Mode"},"sceneLighting":true,"audioPlay":false,"sceneViewState":{"m_AlwaysRefresh":false,"showFog":true,"showSkybox":true,"showFlares":true,"showImageEffects":true,"showParticleSystems":true,"showVisualEffectGraphs":true,"m_FxEnabled":true},"in2DMode":false,"pivot":{"x":-209.18235778808595,"y":34.532283782958987,"z":-63.781673431396487},"rotation":{"x":-0.019836153835058214,"y":0.9801706671714783,"z":-0.14830845594406129,"w":-0.13398879766464234},"size":34.041648864746097,"orthographic":false}