{"cameraMode":{"drawMode":0,"name":"Shaded","section":"Shading Mode"},"sceneLighting":true,"audioPlay":false,"sceneViewState":{"m_AlwaysRefresh":false,"showFog":true,"showSkybox":true,"showFlares":true,"showImageEffects":true,"showParticleSystems":true,"showVisualEffectGraphs":true,"m_FxEnabled":true},"in2DMode":false,"pivot":{"x":-33.0407600402832,"y":32.387691497802737,"z":93.4000473022461},"rotation":{"x":0.08831439912319184,"y":0.05308496952056885,"z":-0.004344687797129154,"w":0.9949297904968262},"size":2.8552281856536867,"orthographic":false}