{"cameraMode":{"drawMode":0,"name":"Shaded","section":"Shading Mode"},"sceneLighting":true,"audioPlay":false,"sceneViewState":{"m_AlwaysRefresh":false,"showFog":true,"showSkybox":true,"showFlares":true,"showImageEffects":true,"showParticleSystems":true,"showVisualEffectGraphs":true,"m_FxEnabled":true},"in2DMode":false,"pivot":{"x":-166.65447998046876,"y":35.27448272705078,"z":69.8920669555664},"rotation":{"x":0.007463585119694471,"y":-0.9911490678787231,"z":0.11651691049337387,"w":0.06468477845191956},"size":0.8660253882408142,"orthographic":false}