{"cameraMode":{"drawMode":0,"name":"Shaded","section":"Shading Mode"},"sceneLighting":true,"audioPlay":false,"sceneViewState":{"m_AlwaysRefresh":false,"showFog":true,"showSkybox":true,"showFlares":true,"showImageEffects":true,"showParticleSystems":true,"showVisualEffectGraphs":true,"m_FxEnabled":false},"in2DMode":false,"pivot":{"x":52.24376678466797,"y":9.896675109863282,"z":73.67046356201172},"rotation":{"x":0.15917779505252839,"y":0.26042360067367556,"z":-0.041030433028936389,"w":0.9520581364631653},"size":0.3569236099720001,"orthographic":false}