{"cameraMode":{"drawMode":0,"name":"Shaded","section":"Shading Mode"},"sceneLighting":true,"audioPlay":false,"sceneViewState":{"m_AlwaysRefresh":false,"showFog":true,"showSkybox":true,"showFlares":true,"showImageEffects":true,"showParticleSystems":true,"showVisualEffectGraphs":true,"m_FxEnabled":true},"in2DMode":false,"pivot":{"x":96.65596771240235,"y":17.011213302612306,"z":34.715179443359378},"rotation":{"x":-0.05442864075303078,"y":0.7029178142547607,"z":-0.05409304052591324,"w":-0.7071637511253357},"size":0.8660253882408142,"orthographic":false}