{"cameraMode":{"drawMode":0,"name":"Shaded","section":"Shading Mode"},"sceneLighting":true,"audioPlay":false,"sceneViewState":{"m_AlwaysRefresh":false,"showFog":true,"showSkybox":true,"showFlares":true,"showImageEffects":true,"showParticleSystems":true,"showVisualEffectGraphs":true,"m_FxEnabled":true},"in2DMode":false,"pivot":{"x":-143.48475646972657,"y":70.88923645019531,"z":329.561279296875},"rotation":{"x":-0.0019378099823370576,"y":0.9894856810569763,"z":-0.1447039246559143,"w":-0.013741564005613327},"size":5.880834102630615,"orthographic":false}