{"cameraMode":{"drawMode":0,"name":"Shaded","section":"Shading Mode"},"sceneLighting":false,"audioPlay":false,"sceneViewState":{"m_AlwaysRefresh":false,"showFog":true,"showSkybox":false,"showFlares":true,"showImageEffects":true,"showParticleSystems":true,"showVisualEffectGraphs":true,"m_FxEnabled":true},"in2DMode":false,"pivot":{"x":-58.894893646240237,"y":30.329919815063478,"z":113.30772399902344},"rotation":{"x":0.1644548922777176,"y":0.6693007349967957,"z":-0.15550948679447175,"w":0.7077133059501648},"size":1.2905728816986085,"orthographic":false}