{"cameraMode":{"drawMode":0,"name":"Shaded","section":"Shading Mode"},"sceneLighting":true,"audioPlay":false,"sceneViewState":{"m_AlwaysRefresh":false,"showFog":true,"showSkybox":false,"showFlares":true,"showImageEffects":true,"showParticleSystems":true,"showVisualEffectGraphs":true,"m_FxEnabled":true},"in2DMode":false,"pivot":{"x":38.34000015258789,"y":1.5299999713897706,"z":57.029998779296878},"rotation":{"x":0.024713732302188875,"y":-0.7414037585258484,"z":0.028237570077180864,"w":0.6706645488739014},"size":1.6172162294387818,"orthographic":false}