{"cameraMode":{"drawMode":0,"name":"Shaded","section":"Shading Mode"},"sceneLighting":true,"audioPlay":false,"sceneViewState":{"m_AlwaysRefresh":false,"showFog":true,"showSkybox":false,"showFlares":true,"showImageEffects":true,"showParticleSystems":true,"showVisualEffectGraphs":true,"m_FxEnabled":true},"in2DMode":false,"pivot":{"x":41.58855438232422,"y":2.0145926475524904,"z":57.487159729003909},"rotation":{"x":0.10494236648082733,"y":-0.7421819567680359,"z":0.12063855677843094,"w":0.6515177488327026},"size":0.6427927017211914,"orthographic":false}